UF,IBGE,Município,Qtd_caps
AC,120001,Acrelandia,1
AC,120010,Brasileia,1
AC,120017,Capixaba,1
AC,120020,Cruzeiro do Sul,1
AC,120025,Epitaciolandia,1
AC,120033,Mancio Lima,1
AC,120040,Rio Branco,2
AC,120050,Sena Madureira,1
AL,270010,Agua Branca,1
AL,270020,Anadia,1
AL,270030,Arapiraca,2
AL,270040,Atalaia,1
AL,270070,Batalha,1
AL,270100,Boca da Mata,1
AL,270130,Cajueiro,1
AL,270140,Campo Alegre,1
AL,270160,Canapi,1
AL,270170,Capela,1
AL,270210,Colonia Leopoldina,1
AL,270230,Coruripe,1
AL,270235,Craibas,1
AL,270240,Delmiro Gouveia,1
AL,270255,Estrela De Alagoas,1
AL,270260,Feira Grande,1
AL,270290,Girau Do Ponciano,1
AL,270300,Ibateguara,1
AL,270310,Igaci,1
AL,270320,Igreja Nova,1
AL,270330,Inhapi,1
AL,270380,Joaquim Gomes,1
AL,270400,Junqueiro,1
AL,270410,Lagoa Da Canoa,1
AL,270420,Limoeiro De Anadia,1
AL,270430,Maceio,5
AL,270440,Major Isidoro,1
AL,270450,Maragogi,1
AL,270470,Marechal Deodoro,1
AL,270500,Mata Grande,1
AL,270510,Matriz De Camaragibe,1
AL,270520,Messias,1
AL,270550,Murici,1
AL,270570,Olho D'Agua Das Flores,1
AL,270610,Ouro Branco,1
AL,270630,Palmeira Dos Indios,2
AL,270640,Pao De Acucar,1
AL,270650,Passo De Camaragibe,1
AL,270670,Penedo,1
AL,270680,Piaçabuçu,1
AL,270690,Pilar,1
AL,270710,Piranhas,1
AL,270730,Porto Calvo,1
AL,270740,Porto De Pedras,1
AL,270750,Porto Real Do Colegio,1
AL,270760,Quebrangulo,1
AL,270770,Rio Largo,1
AL,270800,Santana do Ipanema,1
AL,270830,São José Da Laje,1
AL,270840,São José Da Tapera,1
AL,270850,São Luis Do Quitunde,1
AL,270860,São Miguel dos Campos,1
AL,270880,São Sebastiao,1
AL,270890,Satuba,1
AL,270910,Taquarana,1
AL,270915,Teotonio Vilela,1
AL,270920,Traipu,1
AL,270930,Uniao dos Palmares,1
AL,270940,Viçosa,1
AM,130014,Apui,1
AM,130030,Autazes,1
AM,130080,Borba,1
AM,130120,Coari,1
AM,130130,Codajas,1
AM,130140,Eirunepe,1
AM,130165,Guajara,1
AM,130170,Humaita,1
AM,130185,Iranduba,1
AM,130190,Itacoatiara,1
AM,130250,Manacapuru,2
AM,130255,Manaquiri,1
AM,130260,Manaus,4
AM,130270,Manicore,1
AM,130290,Maues,1
AM,130310,Nova Olinda Do Norte,1
AM,130330,Novo Aripuana,1
AM,130340,Parintins,1
AM,130356,Rio Preto Da Eva,1
AM,130380,São Gabriel da Cachoeira,1
AM,130420,Tefe,1
AP,160027,Laranjal Do Jari,1
AP,160030,Macapa,2
AP,160050,Oiapoque,1
AP,160060,Santana,1
BA,290010,Abaira,1
BA,290040,Buritirama,1
BA,290070,Alagoinhas,1
BA,290080,Alcobaca,1
BA,290100,Amargosa,1
BA,290110,Amelia Rodrigues,1
BA,290120,Anage,1
BA,290135,Andorinha,1
BA,290200,Aracatu,1
BA,290210,Araci,1
BA,290260,Baixa Grande,1
BA,290270,Barra,1
BA,290280,Barra da Estiva,1
BA,290290,Barra do Choca,1
BA,290320,Barreiras,2
BA,290327,Barrocas,1
BA,290340,Belmonte,1
BA,290350,Belo Campo,1
BA,290360,Biritinga,1
BA,290380,Boa Vista do Tupim,1
BA,290390,Bom Jesus da Lapa,1
BA,290400,Boninal,1
BA,290410,Boquira,1
BA,290420,Botupora,1
BA,290460,Brumado,1
BA,290485,Cabaceiras do Paraguacu,1
BA,290490,Cachoeira,1
BA,290500,Cacule,1
BA,290515,Caetanos,1
BA,290520,Caetite,1
BA,290540,Cairu,1
BA,290550,Caldeirão Grande,1
BA,290560,Camacan,1
BA,290570,Camacari,4
BA,290580,Camamu,1
BA,290590,Campo Alegre de Lourdes,1
BA,290600,Campo Formoso,1
BA,290620,CANARANA,1
BA,290630,Canavieiras,1
BA,290650,Candeias,1
BA,290670,Candido Sales,1
BA,290680,Cansancao,1
BA,290682,Canudos,1
BA,290687,Capim Grosso,1
BA,290690,Caravelas,1
BA,290710,Carinhanha,1
BA,290720,Casa Nova,1
BA,290730,Castro Alves,1
BA,290750,Catu,1
BA,290780,Cicero Dantas,1
BA,290790,Cipo,1
BA,290800,Coaraci,1
BA,290810,Cocos,1
BA,290820,Conceição da Feira,1
BA,290830,Conceição do Almeida,1
BA,290840,Conceição do Coite,1
BA,290850,Conceição do Jacuipe,1
BA,290870,Condeuba,1
BA,290890,Coracao de Maria,1
BA,290910,CORIBE,1
BA,290920,Coronel João Sa,1
BA,290960,Crisopolis,1
BA,290980,Cruz das Almas,1
BA,290990,Curaca,1
BA,291005,Dias D'Avila,1
BA,291040,Encruzilhada,1
BA,291050,Entre Rios,1
BA,291060,Esplanada,1
BA,291070,Euclides Da Cunha,1
BA,291072,Eunapolis,3
BA,291075,Fátima,1
BA,291080,Feira De Santana,5
BA,291085,Filadelfia,1
BA,291120,Gandu,1
BA,291160,Governador Mangabeira,1
BA,291170,Guanambi,2
BA,291190,Iacu,1
BA,291210,Ibicarai,1
BA,291220,Ibicoara,1
BA,291230,Ibicuí,1
BA,291250,Ibipitanga,1
BA,291270,Ibirapitanga,1
BA,291290,Ibirataia,1
BA,291320,Ibotirama,1
BA,291340,Igapora,1
BA,291350,Iguai,1
BA,291360,Ilheus,2
BA,291370,Inhambupe,1
BA,291380,Ipecaeta,1
BA,291390,Ipiau,1
BA,291400,Ipira,1
BA,291420,Irajuba,1
BA,291440,Iraquara,1
BA,291450,Irara,1
BA,291460,Irece,1
BA,291465,Itabela,1
BA,291470,Itaberaba,1
BA,291480,Itabuna,3
BA,291490,Itacare,1
BA,291500,Itaete,1
BA,291535,Itaguaçu da Bahia,1
BA,291550,Itajuipe,1
BA,291560,Itamaraju,1
BA,291580,Itambe,1
BA,291600,Itanhem,1
BA,291610,Itaparica,1
BA,291640,Itapetinga,2
BA,291650,Itapicuru,1
BA,291685,Itatim,1
BA,291700,Itiuba,1
BA,291710,Itororo,1
BA,291730,Itubera,1
BA,291750,Jacobina,2
BA,291760,Jaguaquara,1
BA,291770,Jaguarari,1
BA,291800,Jequie,2
BA,291810,Jeremoabo,1
BA,291840,Juazeiro,2
BA,291880,Laje,1
BA,291920,Lauro De Freitas,3
BA,291930,Lençois,1
BA,291950,Livramento De Nossa Senhora,1
BA,291955,Luis Eduardo Magalhaes,1
BA,291970,Macarani,1
BA,291980,Macaubas,1
BA,292010,Mairi,1
BA,292050,Maracas,1
BA,292060,Maragogipe,1
BA,292100,Mata de São João,1
BA,292110,Medeiros Neto,1
BA,292120,Miguel Calmon,1
BA,292140,Mirangaba,1
BA,292150,Monte Santo,1
BA,292170,Morro Do Chapeu,1
BA,292190,Mucuge,1
BA,292200,Mucuri,1
BA,292230,Muritiba,1
BA,292240,Mutuipe,1
BA,292250,Nazare,1
BA,292290,Nova Soure,1
BA,292300,Nova Viçosa,1
BA,292310,Olindina,1
BA,292320,Oliveira Dos Brejinhos,1
BA,292350,Palmeiras,1
BA,292360,Paramirim,2
BA,292370,Paratinga,1
BA,292380,Paripiranga,1
BA,292400,Paulo Afonso,2
BA,292405,PÉ DE SERRA,1
BA,292430,Piata,1
BA,292460,Pindobacu,1
BA,292500,Planalto,1
BA,292510,Pocoes,1
BA,292520,Pojuca,1
BA,292525,Ponto Novo,1
BA,292530,Porto Seguro,3
BA,292550,Prado,1
BA,292560,Presidente Dutra,1
BA,292570,Presidente Janio Quadros,1
BA,292575,Presidente Tancredo Neves,1
BA,292580,Queimadas,1
BA,292590,Quijingue,1
BA,292595,Rafael Jambeiro,1
BA,292600,Remanso,1
BA,292630,Riachao Do Jacuipe,1
BA,292640,Riacho De Santana,1
BA,292660,Ribeira do Pombal,1
BA,292680,Rio Do Antonio,1
BA,292700,Rio Real,1
BA,292720,Ruy Barbosa,1
BA,292740,Salvador,18
BA,292750,Santa Barbara,1
BA,292770,Santa Cruz Cabralia,1
BA,292800,Santaluz,2
BA,292810,Santa Maria Da Vitoria,1
BA,292820,Santana,1
BA,292840,Santa Rita De Cassia,1
BA,292860,Santo Amaro,1
BA,292870,Santo Antonio De Jesus,2
BA,292880,Santo Estevao,1
BA,292890,São Desiderio,1
BA,292895,São Domingos,1
BA,292900,São Felix,1
BA,292905,São Felix Do Coribe,1
BA,292910,São Felipe,1
BA,292930,São Gonçalo Dos Campos,1
BA,292950,São Sebastiao do Passe,1
BA,292960,Sapeaçu,1
BA,292980,Saude,1
BA,292990,Seabra,1
BA,293010,Senhor Do Bonfim,2
BA,293015,Serra Do Ramalho,1
BA,293020,Sento Se,1
BA,293030,Serra Dourada,1
BA,293040,Serra Preta,1
BA,293050,Serrinha,2
BA,293060,Serrolandia,1
BA,293077,Sobradinho,1
BA,293080,Souto Soares,1
BA,293100,Tanhacu,1
BA,293105,Tanque Novo,1
BA,293130,Tapiramuta,1
BA,293135,Teixeira De Freitas,3
BA,293150,Teofilandia,1
BA,293180,Tremedal,1
BA,293190,Tucano,1
BA,293200,Uaua,1
BA,293220,Ubaitaba,1
BA,293230,Ubata,1
BA,293250,Una,1
BA,293270,Urucuca,1
BA,293280,Utinga,1
BA,293290,Valenca,1
BA,293300,Valente,1
BA,293320,Vera Cruz,1
BA,293330,Vitoria Da Conquista,3
BA,293360,Xique-Xique,1
CE,230015,Acarape,1
CE,230020,Acarau,1
CE,230030,Acopiara,1
CE,230075,Amontada,1
CE,230100,Aquiraz,2
CE,230110,Aracati,2
CE,230120,Aracoiaba,1
CE,230130,Araripe,1
CE,230160,Assare,1
CE,230170,Aurora,1
CE,230185,Banabuiu ,1
CE,230190,Barbalha,3
CE,230195,Barreira,1
CE,230210,Baturite,1
CE,230220,Beberibe,1
CE,230230,Bela Cruz,1
CE,230250,Brejo Santo,3
CE,230260,Camocim,2
CE,230280,Caninde,2
CE,230290,Capistrano,1
CE,230310,Carire,1
CE,230320,Caririacu,1
CE,230340,Carnaubal,1
CE,230350,Cascavel,1
CE,230360,Catarina,1
CE,230370,Caucaia,3
CE,230380,Cedro,1
CE,230400,Coreau,1
CE,230410,Crateus,1
CE,230420,Crato,1
CE,230425,Cruz,1
CE,230428,Eusebio,2
CE,230430,Farias Brito,1
CE,230435,Forquilha,1
CE,230440,Fortaleza,15
CE,230445,Fortim ,1
CE,230465,Graca,1
CE,230470,Granja,1
CE,230495,Guaiuba,1
CE,230500,Guaraciaba Do Norte,1
CE,230520,Hidrolândia,1
CE,230523,Horizonte,2
CE,230530,Ibiapina,1
CE,230535,Icapui,1
CE,230540,Ico,3
CE,230550,Iguatu,3
CE,230580,Ipú,2
CE,230590,Ipueiras,1
CE,230610,Iraucuba,1
CE,230625,Itaitinga,1
CE,230630,Itapage,1
CE,230640,Itapipoca,1
CE,230650,Itapiuna,1
CE,230655,Itarema,1
CE,230670,Jaguaretama,1
CE,230690,Jaguaribe,1
CE,230700,Jaguaruana,1
CE,230710,Jardim,1
CE,230730,Juazeiro Do Norte,3
CE,230740,Jucas,1
CE,230750,Lavras Da Mangabeira,1
CE,230760,Limoeiro Do Norte,2
CE,230765,Maracanau,3
CE,230770,Maranguape,3
CE,230780,Marco,1
CE,230810,Mauriti,1
CE,230830,Milagres,1
CE,230840,MisSão Velha,1
CE,230860,Monsenhor Tabosa,1
CE,230870,Morada Nova,1
CE,230910,Mulungu,1
CE,230940,Novo Oriente,1
CE,230945,Ocara,1
CE,230950,Oros,1
CE,230960,Pacajus,1
CE,230970,Pacatuba,2
CE,230980,Pacoti,1
CE,231020,Paracuru,1
CE,231025,Paraipaba,2
CE,231030,Parambu,1
CE,231050,Pedra Branca,1
CE,231070,Pentecoste,1
CE,231090,Piquet Carneiro,1
CE,231110,Porteiras,1
CE,231126,Quiterianópolis,1
CE,231130,Quixada,2
CE,231135,Quixelo,1
CE,231140,Quixeramobim,2
CE,231150,Quixere,1
CE,231160,Redencao,1
CE,231170,Reriutaba,1
CE,231180,Russas,1
CE,231200,Santana Do Acarau,1
CE,231220,Santa Quiteria,1
CE,231230,São Benedito,1
CE,231240,São Gonçalo do Amarante,1
CE,231270,Senador Pompeu,1
CE,231290,Sobral,2
CE,231300,Solonopole,1
CE,231310,Tabuleio do Norte,1
CE,231320,Tamboril,2
CE,231330,Taua,2
CE,231340,Tiangua,1
CE,231350,Trairi,1
CE,231360,Ubajara,1
CE,231380,Uruburetama,1
CE,231395,Varjota,1
CE,231400,Varzea Alegre,1
CE,231410,Viçosa Do Ceara,1
DF,530010,Brasilia,13
ES,320020,Alegre,1
ES,320040,Anchieta,1
ES,320080,Baixo Guandu,1
ES,320120,Cachoeiro de Itapemirim,2
ES,320130,Cariacica,3
ES,320140,Castelo,1
ES,320150,Colatina,2
ES,320210,Ecoporanga,1
ES,320230,Guacui,1
ES,320240,Guarapari,1
ES,320313,João Neiva,1
ES,320320,Linhares,1
ES,320390,Nova Venecia,1
ES,320455,Santa Maria De Jetiba,1
ES,320460,Santa Teresa,1
ES,320480,São José Do Calcado,1
ES,320490,São Mateus,2
ES,320500,Serra,3
ES,320503,Vargem Alta,1
ES,320520,Vila Velha,3
ES,320530,Vitoria,4
GO,520005,Abadia de Goiás,1
GO,520025,Aguas Lindas De Goias,1
GO,520030,Alexania,1
GO,520110,Anapolis,3
GO,520130,Anicuns,1
GO,520140,Aparecida de Goiania,4
GO,520170,Aragarcas,1
GO,520330,Bela Vista de Goias,1
GO,520350,Bom Jesus de Goias,1
GO,520430,Cacu,1
GO,520450,Caldas Novas,2
GO,520510,Catalao,1
GO,520530,Cavalcante,1
GO,520540,Ceres,1
GO,520545,Cezarina,1
GO,520549,Cidade Ocidental,1
GO,520551,Cocalzinho de Goiás,1
GO,520620,Cristalina,1
GO,520640,Crixas,1
GO,520800,Formosa,1
GO,520840,Goianapolis,1
GO,520860,Goianesia,1
GO,520870,Goiania,7
GO,520880,Goianira,1
GO,520890,Goias,1
GO,520995,Indiara,1
GO,521000,Inhumas,1
GO,521010,Ipameri,1
GO,521040,Itaberai,1
GO,521090,Itapaci,1
GO,521120,Itapuranga,1
GO,521150,Itumbiara,1
GO,521180,Jaragua,1
GO,521190,Jatai,1
GO,521250,Luziania,1
GO,521308,Minacu,1
GO,521310,Mineiros,1
GO,521380,Morrinhos,2
GO,521450,Neropolis,1
GO,521460,Niquelandia,1
GO,521530,Orizona,1
GO,521560,Padre Bernardo,1
GO,521580,Palmelo,1
GO,521710,Piracanjuba,1
GO,521730,Pirenopolis,1
GO,521740,Pires Do Rio,1
GO,521760,Planaltina,1
GO,521770,Pontalina,1
GO,521800,Porangatu,1
GO,521850,Quirinopolis,1
GO,521860,Rialma,1
GO,521880,Rio Verde,2
GO,521890,Rubiataba,1
GO,521975,Santo Antonio do Descoberto,1
GO,522000,São João D'Alianca,1
GO,522010,São Luis De Montes Belos,1
GO,522020,São Miguel Do Araguaia,1
GO,522040,São Simao,1
GO,522045,Senador Canedo,2
GO,522060,Silvania,1
GO,522130,Tres Ranchos,1
GO,522140,Trindade,2
GO,522160,Uruacu,1
GO,522170,Uruana,1
GO,522185,Valparaiso De Goias,1
MA,210005,Acailandia,1
MA,210020,Alcantara,1
MA,210030,Aldeias Altas,1
MA,210047,Alto Alegre do Pindare,1
MA,210060,Amarante do Maranhao,1
MA,210070,Anajatuba,1
MA,210100,Arari,1
MA,210120,Bacabal,1
MA,210140,Balsas,1
MA,210160,Barra do Corda,1
MA,210170,Barreirinhas,1
MA,210200,Bom Jardim,1
MA,210232,Buriticupu,1
MA,210255,Campestre do Maranhão,1
MA,210275,Capinzal do Norte,1
MA,210300,Caxias,3
MA,210320,Chapadinha,1
MA,210330,Codo,1
MA,210340,Coelho Neto,2
MA,210350,Colinas,1
MA,210360,Coroata,1
MA,210370,Cururupu,1
MA,210380,Dom Pedro,1
MA,210400,Esperantinopolis,1
MA,210405,Estreito,1
MA,210409,Formosa da Serra Negra,1
MA,210467,Governador Nunes Freire,1
MA,210480,Grajau,1
MA,210490,Guimaraes,1
MA,210510,Icatu,1
MA,210530,Imperatriz,3
MA,210550,João Lisboa,1
MA,210560,Josélândia,1
MA,210570,Lago Da Pedra,1
MA,210600,Lima Campos,1
MA,210650,Matinha,1
MA,210660,Matões,1
MA,210670,Mirador,1
MA,210675,Miranda Do Norte,1
MA,210680,Mirinzal,1
MA,210745,Olinda Nova Do Maranhao,1
MA,210750,Paco Do Lumiar,1
MA,210760,Palmeirandia,1
MA,210780,Parnarama,1
MA,210790,Passagem Franca,1
MA,210800,Pastos Bons,1
MA,210820,Pedreiras,2
MA,210825,Pedro do Rosário,1
MA,210830,Penalva,1
MA,210860,Pinheiro,1
MA,210890,Pocao De Pedras,1
MA,210900,Porto Franco,1
MA,210910,Presidente Dutra,1
MA,210945,Raposa,1
MA,210950,Riachao,1
MA,210960,Rosário,1
MA,210990,Santa Ines,1
MA,211020,Santa Rita,1
MA,211030,Santo Antonio Dos Lopes,1
MA,211050,São Bento,1
MA,211070,São Domingos do Maranhao,1
MA,211100,São João Batista,1
MA,211107,São João Do Soter,1
MA,211110,São João Dos Patos,1
MA,211120,São José De Ribamar,1
MA,211130,São Luis,4
MA,211140,São Luis Gonzaga do Maranhão,1
MA,211150,São Mateus Do Maranhao,1
MA,211170,São Vicente Ferrer,1
MA,211210,Timbiras,1
MA,211220,Timon,3
MA,211230,Tuntum,1
MA,211280,Viana,1
MA,211290,Vitoria Do Mearim,1
MA,211300,Vitorino Freire,1
MA,211400,Ze Doca,1
MG,310030,Abre Campo,1
MG,310090,Aguas Formosas,2
MG,310100,Aguas Vermelhas,1
MG,310110,Aimores,1
MG,310150,Alem Paraiba,1
MG,310160,Alfenas,1
MG,310170,Almenara,1
MG,310190,Alpinopolis,1
MG,310230,Alvinópolis,1
MG,310260,Andradas,1
MG,310270,Cachoeira de Pajeu,1
MG,310280,Andrelândia,1
MG,310290,Antonio Carlos,1
MG,310340,Aracuai,2
MG,310350,Araguari,3
MG,310400,Araxa,1
MG,310420,Arcos,1
MG,310460,Astolfo Dutra,1
MG,310490,Baependi,1
MG,310510,Bambui,1
MG,310540,Barao de Cocais,1
MG,310560,Barbacena,3
MG,310590,Barroso,1
MG,310620,Belo Horizonte,16
MG,310630,Belo Oriente,1
MG,310650,Berilo,1
MG,310670,Betim,5
MG,310690,Bicas,1
MG,310710,Boa Esperanca,1
MG,310730,Bocaiuva,2
MG,310740,Bom Despacho,1
MG,310800,Bom Sucesso,1
MG,310825,Bonito de Minas,1
MG,310860,Brasilia de Minas,2
MG,310900,Brumadinho,2
MG,310930,Buritis,1
MG,310940,Buritizeiro,1
MG,311000,Caete,1
MG,311050,Camanducaia,1
MG,311060,Cambui,1
MG,311090,Campanha,1
MG,311100,Campestre,1
MG,311120,Campo Belo,2
MG,311160,Campos Gerais,1
MG,311200,Candeias,1
MG,311230,Capelinha,1
MG,311270,Capitao Eneas,1
MG,311300,Carai,1
MG,311320,Carandaí,1
MG,311330,Carangola,3
MG,311340,Caratinga,3
MG,311410,Carmo de Minas,1
MG,311420,Carmo do Cajuru,1
MG,311430,Carmo do Paranaiba,2
MG,311450,Carmópolis de Minas ,1
MG,311510,Cassia,1
MG,311530,Cataguases,2
MG,311545,Catují ,1
MG,311660,Claudio,1
MG,311730,Conceição das Alagoas,1
MG,311750,Conceição do Mato Dentro,1
MG,311790,Congonhal,1
MG,311800,Congonhas,2
MG,311830,Conselheiro Lafaiete,3
MG,311840,Conselheiro Pena,1
MG,311860,Contagem,4
MG,311870,Coqueiral,1
MG,311880,Coracao de Jesus,1
MG,311910,Corinto,1
MG,311930,Coromandel,1
MG,311940,Coronel Fabriciano,1
MG,312080,Cruzilia,1
MG,312090,Curvelo,1
MG,312160,Diamantina,2
MG,312200,Divino,1
MG,312230,Divinopolis,3
MG,312245,Divisopolis,1
MG,312360,Eloi Mendes,1
MG,312400,Ervalia,2
MG,312410,Esmeraldas,1
MG,312420,Espera Feliz,1
MG,312490,Eugenopolis,1
MG,312510,Extrema,1
MG,312570,Felixlandia,1
MG,312595,Fervedouro,1
MG,312610,Formiga,1
MG,312670,Francisco Sa,1
MG,312710,Frutal,1
MG,312737,Goiabeira,1
MG,312770,Governador Valadares,3
MG,312780,Grao Mogol,1
MG,312800,Guanhães,1
MG,312870,Guaxupe,1
MG,312940,Ibertioga,1
MG,312950,Ibia,1
MG,312980,Ibirité,3
MG,313010,Igarape,1
MG,313090,Inhapim,2
MG,313115,Ipaba,1
MG,313120,Ipanema,2
MG,313130,Ipatinga,2
MG,313170,Itabira,3
MG,313180,Itabirinha,1
MG,313190,Itabirito,2
MG,313210,Itacarambi,1
MG,313220,Itaguara,1
MG,313240,Itajuba,1
MG,313250,Itamarandiba,1
MG,313270,Itambacuri,1
MG,313300,Itamonte,1
MG,313310,Itanhandu,1
MG,313330,Itaobim,3
MG,313380,Itauna,2
MG,313420,Ituiutaba,1
MG,313440,Iturama,1
MG,313470,Jacinto,1
MG,313500,Jaguaracu,1
MG,313505,Jaiba,1
MG,313510,Janauba,3
MG,313520,Januaria,1
MG,313580,Jequitinhonha,2
MG,313600,Joaima,1
MG,313620,João Monlevade,1
MG,313630,João Pinheiro,1
MG,313665,Juatuba,1
MG,313670,Juiz De Fora,5
MG,313720,Lagoa Da Prata,1
MG,313750,Lagoa Formosa,1
MG,313760,Lagoa Santa,3
MG,313770,Lajinha,1
MG,313780,Lambari,1
MG,313810,Lassance,1
MG,313820,Lavras,2
MG,313840,Leopoldina,1
MG,313860,Lima Duarte,1
MG,313880,Luz,1
MG,313890,Machacalis,1
MG,313920,Malacacheta,1
MG,313930,Manga,1
MG,313940,Manhuacu,3
MG,313950,Manhumirim,1
MG,313960,MANTENA,1
MG,314000,Mariana,2
MG,314070,Mateus Leme,1
MG,314080,Matias Barbosa,1
MG,314090,Matipo,1
MG,314110,Matozinhos,1
MG,314140,Medina,1
MG,314180,Minas Novas,2
MG,314200,Mirabela,1
MG,314220,Mirai,1
MG,314280,Monte Alegre De Minas,1
MG,314290,Monte Azul,1
MG,314310,Monte Carmelo,1
MG,314320,Monte Santo De Minas,1
MG,314330,Montes Claros,3
MG,314350,Morada Nova de Minas,1
MG,314390,Muriae,2
MG,314400,Mutum,1
MG,314430,Nanuque,1
MG,314480,Nova Lima,2
MG,314500,Nova Ponte,1
MG,314510,Nova Resende,1
MG,314520,Nova Serrana,2
MG,314530,Novo Cruzeiro,1
MG,314560,Oliveira,3
MG,314590,Ouro Branco,1
MG,314610,Ouro Preto,3
MG,314630,Padre Paraiso,1
MG,314670,Palma,1
MG,314700,Paracatu,1
MG,314710,Para De Minas,2
MG,314760,Passa Quatro,1
MG,314790,Passos,2
MG,314800,Patos De Minas,2
MG,314810,Patrocinio,2
MG,314860,Pecanha,1
MG,314870,Pedra Azul,3
MG,314880,Pedra Do Anta,1
MG,314930,Pedro Leopoldo,1
MG,314990,Perdoes,1
MG,315050,Pimenta,1
MG,315080,Piranga,1
MG,315120,Pirapora,2
MG,315140,Pitangui,1
MG,315150,Piumhi,2
MG,315170,Poço Fundo,1
MG,315180,Pocos De Caldas,2
MG,315200,Pompeu,1
MG,315210,Ponte Nova,1
MG,315217,Ponto dos Volantes,1
MG,315220,Porteirinha,1
MG,315230,Porto Firme,1
MG,315240,Pote,1
MG,315250,Pouso Alegre,2
MG,315280,Prata,1
MG,315340,Presidente Olegario,1
MG,315430,Resplendor,1
MG,315460,Ribeirao Das Neves,3
MG,315490,Rio Casca,1
MG,315540,Rio Novo,1
MG,315560,Rio Pardo de Minas,1
MG,315580,Rio Pomba,1
MG,315600,Rio Vermelho,1
MG,315660,Rubim,1
MG,315670,Sabara,2
MG,315690,Sacramento,1
MG,315700,Salinas,2
MG,315720,Santa Barbara,1
MG,315780,Santa Luzia,2
MG,315790,Santa Margarida,1
MG,315820,Santa Maria Do Suacui,1
MG,315895,Santana Do Paraiso,1
MG,315960,Santa Rita Do Sapucai,1
MG,315980,Santa Vitoria,1
MG,315990,Santo Antonio Do Amparo,1
MG,316040,Santo Antonio Do Monte,1
MG,316070,Santos Dumont,1
MG,316100,São Domingos do Prata,1
MG,316105,São Felix De Minas,1
MG,316110,São Francisco,1
MG,316140,São Francisco Do Gloria,1
MG,316190,São Gonçalo Do Rio Abaixo,1
MG,316200,São Gonçalo Do Sapucai,1
MG,316210,São Gotardo,1
MG,316240,São João Da Ponte,1
MG,316250,São João Del Rei,2
MG,316270,São João do Paraíso,1
MG,316280,São João Evangelista,1
MG,316290,São João Nepomuceno,1
MG,316292,São Joaquim De Bicas,1
MG,316370,São Lourenco,2
MG,316380,São Miguel Do Anta,1
MG,316470,São Sebastiao do Paraiso,3
MG,316530,São Vicente De Minas,1
MG,316553,Sarzedo,1
MG,316570,Senador Firmino,1
MG,316680,Serra do Salitre,1
MG,316720,Sete Lagoas,3
MG,316760,Simonesia,1
MG,316800,Taiobeiras,1
MG,316860,Teofilo Otoni,3
MG,316920,Tombos,1
MG,316930,Tres Coracoes,2
MG,316935,Tres Marias,1
MG,316940,Tres Pontas,1
MG,316960,Tupaciguara,1
MG,316970,Turmalina,1
MG,316990,Uba,2
MG,317010,Uberaba,4
MG,317020,Uberlandia,6
MG,317040,Unai,1
MG,317070,Varginha,3
MG,317080,Varzea Da Palma,2
MG,317090,Varzelandia,1
MG,317100,Vazante,1
MG,317103,Verdelândia,1
MG,317120,Vespasiano,3
MG,317130,Viçosa,2
MG,317160,Virgem Da Lapa,1
MG,317200,Visconde Do Rio Branco,1
MS,500020,Água Clara,1
MS,500100,Aparecida do Taboado,1
MS,500110,Aquidauana,1
MS,500190,Bataguassu,1
MS,500210,Bela Vista,1
MS,500220,Bonito,1
MS,500240,Caarapo,1
MS,500260,Camapua,1
MS,500270,Campo Grande,6
MS,500290,Cassilandia,1
MS,500295,Chapadão do Sul,1
MS,500320,Corumba,3
MS,500325,Costa Rica,1
MS,500330,Coxim,1
MS,500370,Dourados,2
MS,500570,Navirai,1
MS,500620,Nova Andradina,1
MS,500630,Paranaiba,1
MS,500660,Ponta Porã,2
MS,500740,Rio Verde de Mato Grosso,1
MS,500769,São Gabriel Do Oeste,1
MS,500790,Sidrolandia,1
MS,500830,Tres Lagoas,1
MT,510020,Agua Boa,1
MT,510025,Alta Floresta,1
MT,510170,Barra do Bugres,1
MT,510180,Barra do Garcas,2
MT,510250,Caceres,1
MT,510260,Campinapolis,1
MT,510267,Campo Verde,1
MT,510270,CANARANA,1
MT,510320,Colider,1
MT,510335,Confresa,1
MT,510340,Cuiaba,5
MT,510350,Diamantino,1
MT,510410,Guaranta Do Norte,1
MT,510420,Guiratinga,1
MT,510480,Jaciara,1
MT,510510,Juara,1
MT,510515,Juina,1
MT,510525,Lucas Do Rio Verde,1
MT,510562,Mirassol D'Oeste,1
MT,510622,Nova Mutum,1
MT,510625,Nova Xavantina,1
MT,510637,Pedra Preta,1
MT,510642,Peixoto De Azevedo,1
MT,510650,Pocone,1
MT,510675,Pontes E Lacerda,1
MT,510704,Primavera Do Leste,1
MT,510710,São José Dos Quatro Marcos,1
MT,510760,Rondonopolis,3
MT,510785,São Felix Do Araguaia,1
MT,510790,Sinop,1
MT,510792,Sorriso,1
MT,510795,Tangara Da Serra,1
MT,510840,Varzea Grande,3
MT,510860,Vila Rica,1
PA,150010,Abaetetuba,2
PA,150034,Agua azul do norte,1
PA,150040,Alenquer,1
PA,150060,Altamira,2
PA,150080,Ananindeua,2
PA,150090,Augusto Corrêa ,1
PA,150095,Aurora do Para,1
PA,150120,Baiao,1
PA,150130,Barcarena,2
PA,150140,Belem,9
PA,150150,Benevides,1
PA,150170,Braganca,3
PA,150172,Brasil Novo,1
PA,150178,Breu Branco,1
PA,150180,Breves,1
PA,150190,Bujaru,1
PA,150195,Cachoeira do Piriá,1
PA,150210,Cameta,1
PA,150215,Canaa dos Carajas,1
PA,150220,Capanema,1
PA,150240,Castanhal,1
PA,150270,Conceição do Araguaia,1
PA,150280,Curralinho,1
PA,150290,Curuca,1
PA,150293,Dom Eliseu,1
PA,150295,Eldorado Dos Carajas,1
PA,150304,Floresta Do Araguaia,1
PA,150309,Goianesia Do Para,1
PA,150320,Igarape-Acu,1
PA,150330,Igarape-Miri,1
PA,150350,Irituia,1
PA,150360,Itaituba,1
PA,150370,Itupiranga,1
PA,150380,Jacunda,1
PA,150405,Mae Do Rio,1
PA,150420,Maraba,1
PA,150440,Marapanim,1
PA,150442,Marituba,2
PA,150445,Medicilandia,1
PA,150450,Melgaco,1
PA,150460,Mocajuba,1
PA,150470,Moju,1
PA,150503,Novo Progresso,1
PA,150506,Novo Repartimento,1
PA,150510,Obidos,1
PA,150540,Ourem,1
PA,150543,Ourilandia Do Norte,1
PA,150548,Pacaja,1
PA,150550,Paragominas,1
PA,150553,Parauapebas,1
PA,150580,Portel,1
PA,150590,Porto De Moz,1
PA,150613,Redencao,1
PA,150616,Rio Maria,1
PA,150618,Rondon Do Para,1
PA,150619,Ruropolis,1
PA,150620,Salinopolis,1
PA,150650,Santa Isabel Do Para,2
PA,150658,Santa Maria Das Barreiras,1
PA,150670,Santana Do Araguaia,1
PA,150680,Santarem,2
PA,150700,Santo Antonio Do Taua,1
PA,150715,São Domingos do Araguaia,1
PA,150720,São Domingos do Capim,1
PA,150730,São Felix Do Xingu,1
PA,150745,São Geraldo Do Araguaia,1
PA,150760,São Miguel Do Guama,1
PA,150790,Soure,1
PA,150795,Tailandia,1
PA,150800,Tome-Acu,1
PA,150803,Tracuateua,1
PA,150808,Tucuma,1
PA,150810,Tucurui,1
PA,150812,Ulianopolis,1
PA,150815,Uruara,1
PA,150820,Vigia,1
PA,150840,Xinguara,1
PB,250010,Agua Branca,1
PB,250020,Aguiar,1
PB,250030,Alagoa Grande,1
PB,250050,Alagoinha,1
PB,250053,Alcantil,1
PB,250060,Alhandra,1
PB,250070,São João Do Rio Do Peixe,1
PB,250080,Aracagi,1
PB,250100,Araruna,1
PB,250110,Areia,1
PB,250130,Aroeiras,1
PB,250150,Bananeiras,1
PB,250157,Barra de Santana,1
PB,250160,Barra de Santa Rosa,1
PB,250180,Bayeux,1
PB,250190,Belem,1
PB,250230,Bom Sucesso,1
PB,250250,Boqueirão,2
PB,250300,Caapora,1
PB,250320,Cabedelo,2
PB,250340,cacimba de areia,1
PB,250370,Cajazeiras,3
PB,250400,Campina Grande,8
PB,250430,Catole Do Rocha,1
PB,250440,Conceição ,2
PB,250460,Conde,1
PB,250470,Congo,1
PB,250480,Coremas,1
PB,250510,Cuité,2
PB,250540,Desterro,1
PB,250560,Diamante,1
PB,250600,Esperanca,1
PB,250610,Fagundes,1
PB,250630,Guarabira,2
PB,250680,Inga,1
PB,250690,Itabaiana,1
PB,250700,Itaporanga,1
PB,250710,Itapororoca,1
PB,250730,Jacarau,1
PB,250750,João Pessoa,5
PB,250770,Juazeirinho,1
PB,250800,Juru,1
PB,250830,Lagoa Seca,1
PB,250840,Lastro,1
PB,250890,Mamanguape,2
PB,250910,Mari,1
PB,250930,Mataraca,1
PB,250970,Monteiro,2
PB,250980,Mulungu,1
PB,251080,Patos,3
PB,251120,Pedras De Fogo,1
PB,251130,Pianco,3
PB,251140,Picui,1
PB,251150,Pilar,1
PB,251190,Pitimbu,1
PB,251200,Pocinhos,1
PB,251210,Pombal,3
PB,251220,Prata,1
PB,251230,Princesa Isabel,3
PB,251250,Queimadas,1
PB,251270,Remígio,1
PB,251280,Riacho Dos Cavalos,1
PB,251290,Rio Tinto,1
PB,251340,Santa Luzia,1
PB,251360,Santana dos Garrotes,1
PB,251370,Santa Rita,1
PB,251390,São Bento,2
PB,251400,São João Do Cariri,1
PB,251450,São José De Piranhas,1
PB,251510,São Sebastiao de Lagoa De Roca,1
PB,251530,Sape,3
PB,251550,Serra Branca,1
PB,251600,Solanea,1
PB,251610,Soledade,1
PB,251620,Sousa,3
PB,251630,Sume,1
PB,251650,Taperoa,1
PB,251670,Teixeira,1
PB,251690,Uirauna,1
PB,251700,Umbuzeiro,1
PE,260005,Abreu e Lima,3
PE,260010,Afogados da Ingazeira,2
PE,260020,Afranio,1
PE,260030,Agrestina,1
PE,260040,Agua Preta,1
PE,260050,Aguas Belas,1
PE,260070,Alianca,1
PE,260080,Altinho,1
PE,260100,Angelim,1
PE,260105,Aracoiaba,1
PE,260110,Araripina,1
PE,260120,Arcoverde,3
PE,260140,Barreiros,1
PE,260170,Belo Jardim,1
PE,260190,Bezerros,1
PE,260200,Bodoco,1
PE,260210,Bom Conselho,1
PE,260240,Brejão,1
PE,260280,Buique,1
PE,260290,Cabo de Santo Agostinho,3
PE,260300,Cabrobo,1
PE,260330,Calcado,1
PE,260345,Camaragibe,3
PE,260370,Canhotinho,1
PE,260380,Capoeiras,1
PE,260390,Carnaíba,1
PE,260400,Carpina,2
PE,260410,Caruaru,2
PE,260420,Catende,1
PE,260450,Cha Grande,1
PE,260500,Cupira,1
PE,260510,Custodia,1
PE,260515,Dormentes,1
PE,260530,Exu,1
PE,260540,Feira Nova,1
PE,260570,Floresta,1
PE,260590,Gameleira,1
PE,260600,Garanhuns,2
PE,260610,Gloria Do Goita,1
PE,260620,Goiana,1
PE,260640,Gravata,1
PE,260660,Ibimirim,1
PE,260680,Igarassu,1
PE,260700,Inaja,1
PE,260720,Ipojuca,1
PE,260730,Ipubi,1
PE,260760,Ilha De Itamaraca,1
PE,260765,Itambe,1
PE,260775,Itapissuma,1
PE,260780,Itaquitinga,1
PE,260790,Jaboatao Dos Guararapes,4
PE,260800,Jatauba,1
PE,260825,Jucati,1
PE,260840,Jurema,1
PE,260845,Lagoa Do Carro,1
PE,260850,Lagoa De Itaenga,1
PE,260860,Lagoa Do Ouro,1
PE,260875,Lagoa Grande,1
PE,260880,Lajedo,1
PE,260890,Limoeiro,1
PE,260915,Manari,1
PE,260940,Moreno,1
PE,260950,Nazaré da Mata,1
PE,260960,Olinda,3
PE,260980,Oroco,1
PE,260990,Ouricuri,1
PE,261000,Palmares,1
PE,261020,Panelas,1
PE,261030,Paranatama,1
PE,261050,Passira,1
PE,261060,Paudalho,1
PE,261070,Paulista,2
PE,261080,Pedra,1
PE,261090,Pesqueira,1
PE,261100,Petrolandia,1
PE,261110,Petrolina,3
PE,261120,Pocao,1
PE,261130,Pombos,1
PE,261150,Quipapa,1
PE,261160,Recife,17
PE,261180,Ribeirao,1
PE,261220,Salgueiro,1
PE,261230,Saloa,1
PE,261250,Santa Cruz Do Capibaribe,1
PE,261260,Santa Maria Da Boa Vista,1
PE,261320,São João,1
PE,261330,São Joaquim Do Monte,1
PE,261350,São José Do Belmonte,1
PE,261360,São José Do Egito,2
PE,261370,São Lourenco Da Mata,1
PE,261390,Serra Talhada,3
PE,261400,Serrita,1
PE,261410,Sertania,1
PE,261450,Surubim,1
PE,261460,Tabira,1
PE,261480,Tacaratu,1
PE,261485,Tamandare,1
PE,261500,Taquaritinga Do Norte,1
PE,261530,Timbauba,1
PE,261540,Toritama,1
PE,261560,Trindade,1
PE,261580,Tupanatinga,1
PE,261630,Vicencia,1
PE,261640,Vitoria De Santo Antao,1
PI,220020,Agua Branca,1
PI,220040,Altos,1
PI,220050,Amarante,1
PI,220060,Angical do Piaui,1
PI,220110,Avelino Lopes,1
PI,220120,Barras,1
PI,220150,Batalha,1
PI,220190,Bom Jesus,2
PI,220200,Buriti dos Lopes,1
PI,220220,Campo Maior,1
PI,220230,Canto do Buriti,1
PI,220240,Capitao de Campos,1
PI,220260,Castelo do Piaui,1
PI,220270,Cocal,1
PI,220271,Cocal de Telha,1
PI,220290,Corrente,1
PI,220310,Cristino Castro,1
PI,220350,Elesbão Veloso,1
PI,220370,Esperantina,1
PI,220390,Floriano,2
PI,220430,Fronteiras,1
PI,220440,Gilbues,1
PI,220450,Guadalupe,1
PI,220470,Inhuma,1
PI,220520,Jaicos,1
PI,220550,José De Freitas,1
PI,220570,Luis Correia,1
PI,220580,Luzilandia,1
PI,220620,Miguel Alves,1
PI,220700,Oeiras,2
PI,220770,Parnaiba,2
PI,220780,Paulistana,4
PI,220790,Pedro Ii,1
PI,220800,Picos,2
PI,220810,Pimenteiras,1
PI,220820,Pio Ix,1
PI,220830,Piracuruca,1
PI,220840,Piripiri,2
PI,220880,Regeneracao,1
PI,220900,Rio Grande Do Piaui,1
PI,221000,São João Do Piaui,1
PI,221040,São Miguel Do Tapuio,1
PI,221050,São Pedro Do Piaui,1
PI,221060,São Raimundo Nonato,1
PI,221070,Simoes,1
PI,221080,Simplicio Mendes,1
PI,221100,Teresina,8
PI,221110,Uniao,1
PI,221120,Urucui,1
PI,221130,Valenca Do Piaui,2
PR,410040,Almirante Tamandare,1
PR,410110,Andira,1
PR,410120,Antonina,1
PR,410140,Apucarana,2
PR,410150,Arapongas,2
PR,410160,Arapoti,1
PR,410180,Araucaria,2
PR,410200,Assis Chateaubriand,1
PR,410210,Astorga,1
PR,410240,Bandeirantes,1
PR,410280,Bela Vista do Paraiso,1
PR,410320,Bom Sucesso,1
PR,410370,Cambe,2
PR,410380,Cambira,1
PR,410400,Campina Grande do Sul,1
PR,410420,Campo Largo,2
PR,410425,Campo Magro,1
PR,410430,Campo Mourao,2
PR,410450,Capanema,1
PR,410480,Cascavel,4
PR,410490,Castro,1
PR,410540,Chopinzinho,1
PR,410550,Cianorte,2
PR,410580,Colombo,2
PR,410590,Colorado,1
PR,410620,Contenda,1
PR,410630,Corbélia,1
PR,410640,Cornélio Procópio,2
PR,410650,Coronel Vivida,2
PR,410690,Curitiba,14
PR,410720,Dois Vizinhos,1
PR,410765,Fazenda Rio Grande,1
PR,410800,Florestopolis,1
PR,410830,Foz Do Iguacu,2
PR,410840,Francisco Beltrao,2
PR,410860,Goioere,1
PR,410880,Guaira,1
PR,410940,Guarapuava,4
PR,410960,Guaratuba,1
PR,410980,Ibipora,2
PR,411010,Imbituva,1
PR,411070,Irati,1
PR,411125,Itaperucu,1
PR,411150,Ivaipora,1
PR,411180,Jacarezinho,2
PR,411200,Jaguariaiva,1
PR,411310,Kalore,1
PR,411320,Lapa,1
PR,411330,Laranjeiras Do Sul,1
PR,411350,Loanda,1
PR,411370,Londrina,3
PR,411400,Mambore,1
PR,411410,Mandaguacu,1
PR,411420,Mandaguari,1
PR,411430,Mandirituba,1
PR,411440,Mangueirinha,1
PR,411460,Marechal Candido Rondon,1
PR,411480,Marialva,1
PR,411490,Marilandia Do Sul,1
PR,411520,Maringa,4
PR,411540,Marmeleiro,2
PR,411560,Matelândia,1
PR,411570,Matinhos,1
PR,411580,Medianeira,1
PR,411690,Nova Esperanca,1
PR,411730,Ortigueira,1
PR,411750,Paicandu,1
PR,411760,Palmas,1
PR,411770,Palmeira,1
PR,411790,Palotina,1
PR,411820,Paranagua,1
PR,411840,Paranavai,3
PR,411850,Pato Branco,1
PR,411915,Pinhais,2
PR,411930,Pinhao,1
PR,411940,Pirai Do Sul,1
PR,411950,Piraquara,2
PR,411960,Pitanga,1
PR,411990,Ponta Grossa,3
PR,412060,Prudentopolis,2
PR,412080,Quatro Barras,1
PR,412090,Quedas do Iguaçu,1
PR,412140,Realeza,1
PR,412220,Rio Branco Do Sul,1
PR,412230,Rio Negro,1
PR,412240,Rolandia,3
PR,412385,Santa Maria Do Oeste,1
PR,412405,Santa Terezinha De Itaipu,1
PR,412410,Santo Antonio Da Platina,1
PR,412440,Santo Antonio Do Sudoeste,1
PR,412550,São José Dos Pinhais,3
PR,412560,São Mateus Do Sul,1
PR,412570,São Miguel Do Iguacu,1
PR,412625,Sarandi,1
PR,412710,Telemaco Borba,1
PR,412720,Terra Boa,1
PR,412750,Tibagi,1
PR,412770,Toledo,4
PR,412800,Ubirata,1
PR,412810,Umuarama,2
PR,412820,Uniao Da Vitoria,1
RJ,330010,Angra dos Reis,2
RJ,330020,Araruama,1
RJ,330023,Armacao dos Buzios,1
RJ,330025,ARRAIAL DO CABO,1
RJ,330030,Barra do Pirai,2
RJ,330040,Barra Mansa,3
RJ,330045,Belford Roxo,3
RJ,330050,Bom Jardim,1
RJ,330060,Bom Jesus do Itabapoana,1
RJ,330070,Cabo Frio,3
RJ,330080,Cachoeiras de Macacu,1
RJ,330093,Carapebus,1
RJ,330095,Comendador Levy Gasparian,1
RJ,330100,Campos dos Goytacazes,3
RJ,330110,Cantagalo,1
RJ,330120,Carmo,1
RJ,330130,Casimiro de Abreu,1
RJ,330140,Conceição de Macabu,1
RJ,330150,Cordeiro,1
RJ,330170,Duque De Caxias,4
RJ,330180,Engenheiro Paulo De Frontin,1
RJ,330185,Guapimirim,1
RJ,330187,Iguaba Grande,1
RJ,330190,Itaborai,2
RJ,330200,Itaguai,3
RJ,330205,Italva,1
RJ,330210,Itaocara,1
RJ,330220,Itaperuna,3
RJ,330225,Itatiaia,1
RJ,330227,Japeri,1
RJ,330240,Macae,3
RJ,330245,Macuco,1
RJ,330250,Magé,3
RJ,330260,Mangaratiba,1
RJ,330270,Maricá,3
RJ,330280,Mendes,1
RJ,330285,Mesquita,3
RJ,330290,Miguel Pereira,1
RJ,330300,Miracema,1
RJ,330310,Natividade,1
RJ,330320,Nilopolis,2
RJ,330330,Niteroi,4
RJ,330340,Nova Friburgo,1
RJ,330350,Nova Iguacu,3
RJ,330360,Paracambi,3
RJ,330370,Paraiba Do Sul,2
RJ,330380,Paraty,1
RJ,330385,Paty Do Alferes,1
RJ,330390,Petrópolis,4
RJ,330395,Pinheiral,1
RJ,330400,Pirai,1
RJ,330410,Porciuncula,1
RJ,330411,Porto Real,1
RJ,330412,Quatis,1
RJ,330414,Queimados,2
RJ,330415,Quissama,1
RJ,330420,Resende,3
RJ,330430,Rio Bonito,1
RJ,330440,Rio Claro,1
RJ,330452,Rio Das Ostras,1
RJ,330455,Rio De Janeiro,33
RJ,330460,Santa Maria Madalena,1
RJ,330470,Santo Antonio De Padua,1
RJ,330475,São Francisco De Itabapoana,1
RJ,330480,São Fidelis,1
RJ,330490,São Gonçalo,5
RJ,330500,São João Da Barra,1
RJ,330510,São João De Meriti,3
RJ,330515,São José do Vale do Rio Preto,1
RJ,330520,São Pedro Da Aldeia,2
RJ,330530,São Sebastiao do Alto,1
RJ,330540,Sapucaia,1
RJ,330550,Saquarema,1
RJ,330555,Seropedica,2
RJ,330560,Silva Jardim,1
RJ,330570,Sumidouro,1
RJ,330575,Tangua,1
RJ,330580,Teresopolis,2
RJ,330600,Tres Rios,2
RJ,330610,Valenca,2
RJ,330620,Vassouras,2
RJ,330630,Volta Redonda,5
RN ,240020,Açu,1
RN ,240100,Apodi,1
RN ,240110,Areia Branca,1
RN ,240145,Barauna,1
RN ,240200,Caico,2
RN ,240220,Canguaretama,1
RN ,240230,Caraubas,1
RN ,240260,Ceara-Mirim,2
RN ,240310,Currais Novos,1
RN ,240325,Parnamirim,3
RN ,240360,Extremoz,1
RN ,240420,Goianinha,1
RN ,240580,João Camara,1
RN ,240610,Jucurutu,1
RN ,240710,Macaiba,2
RN ,240720,Macau,1
RN ,240800,Mossoro,4
RN ,240810,Natal,5
RN ,240830,Nova Cruz,1
RN ,240880,Parazinho,1
RN ,240890,Parelhas,1
RN ,240930,Patu,1
RN ,240940,Pau Dos Ferros,1
RN ,241120,Santa Cruz,1
RN ,241150,Santo Antonio,1
RN ,241200,São Gonçalo do Amarante,2
RN ,241220,São José De Mipibu,1
RN ,241230,São José Do Campestre,1
RN ,241250,São Miguel,1
RN ,241260,São Paulo Do Potengi,1
RN ,241440,Touros,1
RN ,241450,Umarizal,1
RN ,240400,Frutuoso Gomes,1
RO,110001,Alta Floresta D'Oeste,1
RO,110002,Ariquemes,1
RO,110004,Cacoal,1
RO,110005,Cerejeiras,1
RO,110006,Colorado do Oeste,1
RO,110009,Espigao D'Oeste,1
RO,110010,Guajara-Mirim,1
RO,110011,Jaru,1
RO,110012,Ji-Parana,1
RO,110013,Machadinho D'Oeste,1
RO,110015,Ouro Preto Do Oeste,1
RO,110018,Pimenta Bueno,1
RO,110020,Porto Velho,4
RO,110025,Presidente Medici,1
RO,110028,Rolim De Moura,1
RO,110030,Vilhena,1
RO,110033,Nova Mamore,1
RO,110045,Buritis,1
RR,140005,Alto Alegre,1
RR,140010,Boa Vista,3
RR,140015,Bonfim,1
RR,140017,Canta,1
RR,140020,Caracarai,1
RR,140030,Mucajai,1
RR,140045,Pacaraima,1
RR,140047,Rorainopolis,1
RS,430040,Alegrete,3
RS,430060,Alvorada,3
RS,430130,Arroio Grande,1
RS,430150,Augusto Pestana,1
RS,430160,Bage,3
RS,430190,Barra do Ribeiro,2
RS,430210,Bento Goncalves,3
RS,430222,Boa Vista do Cadeado,1
RS,430270,Butia,1
RS,430280,Cacapava do Sul,1
RS,430290,Cacequi,1
RS,430300,Cachoeira do Sul,2
RS,430310,Cachoeirinha,2
RS,430350,Camaqua,1
RS,430390,Campo Bom,1
RS,430420,Candelaria,1
RS,430440,Canela,1
RS,430450,Cangucu,2
RS,430460,Canoas,5
RS,430463,Capao da Canoa,1
RS,430466,Capao do Leao,1
RS,430470,Carazinho,2
RS,430510,Caxias do Sul,4
RS,430535,Charqueadas,1
RS,430600,Crissiumal,1
RS,430610,Cruz Alta,3
RS,430640,Dois Irmaos,1
RS,430660,Dom Pedrito,1
RS,430680,Encantado,1
RS,430690,Encruzilhada Do Sul,1
RS,430693,Entre-Ijuis,1
RS,430700,Erechim,2
RS,430760,Estancia Velha,1
RS,430770,Esteio,3
RS,430780,Estrela,1
RS,430790,Farroupilha,2
RS,430820,Flores Da Cunha,1
RS,430850,Frederico Westphalen,1
RS,430900,Girua,1
RS,430910,Gramado,1
RS,430920,Gravatai,3
RS,430930,Guaíba,3
RS,430940,Guapore,1
RS,430960,Horizontina,1
RS,431010,Igrejinha,1
RS,431020,Ijui,3
RS,431060,Itaqui,2
RS,431080,Ivoti,1
RS,431100,Jaguarao,1
RS,431120,Julio De Castilhos,1
RS,431130,LAGOA VERMELHA,1
RS,431140,Lajeado,3
RS,431180,Marau,1
RS,431240,Montenegro,1
RS,431310,Nova Palma,1
RS,431320,Nova Petropolis,1
RS,431337,Nova Santa Rita,1
RS,431340,Novo Hamburgo,5
RS,431350,Osorio,2
RS,431370,Palmeira Das Missoes,1
RS,431390,Panambi,1
RS,431405,Parobe,1
RS,431410,Passo Fundo,3
RS,431440,Pelotas,8
RS,431450,Pinheiro Machado,1
RS,431460,Piratini,1
RS,431490,Porto Alegre,13
RS,431510,Porto Xavier,1
RS,431530,Quarai,1
RS,431560,Rio Grande,3
RS,431570,Rio Pardo,2
RS,431600,Rolante,1
RS,431640,Rosario Do Sul,1
RS,431680,Santa Cruz Do Sul,3
RS,431690,Santa Maria,4
RS,431710,Sant'Ana Do Livramento,2
RS,431720,Santa Rosa,2
RS,431730,Santa Vitoria Do Palmar,1
RS,431740,Santiago,2
RS,431750,Santo Angelo,3
RS,431760,Santo Antonio Da Patrulha,1
RS,431800,São Borja,2
RS,431810,São Francisco De Assis,1
RS,431820,São Francisco De Paula,1
RS,431830,São Gabriel,1
RS,431840,São Jeronimo,1
RS,431850,São José Do Norte,1
RS,431870,São Leopoldo,3
RS,431880,São Lourenco Do Sul,3
RS,431890,São Luiz Gonzaga,2
RS,431940,São Pedro Do Sul,1
RS,431950,São Sebastiao do Cai,1
RS,431960,São Sepe,1
RS,431990,Sapiranga,1
RS,432000,Sapucaia Do Sul,3
RS,432080,Soledade,1
RS,432090,Tapejara,1
RS,432110,Tapes,1
RS,432120,Taquara,2
RS,432130,Taquari,1
RS,432140,Tenente Portela,1
RS,432150,Torres,1
RS,432160,Tramandai,1
RS,432170,Tres Coroas,1
RS,432180,Tres De Maio,1
RS,432190,Tres Passos,1
RS,432200,Triunfo,1
RS,432220,Tupancireta,1
RS,432240,Uruguaiana,2
RS,432250,Vacaria,1
RS,432260,Venancio Aires,3
RS,432270,Vera Cruz,2
RS,432280,Veranopolis,1
RS,432300,Viamao,3
SC,420010,Abelardo Luz,1
SC,420040,Agua Doce,1
SC,420125,Apiuna,1
SC,420130,Araquari,1
SC,420140,Ararangua,1
SC,420200,Balneario Camboriu,2
SC,420210,Barra Velha,1
SC,420230,Biguacu,1
SC,420240,Blumenau,3
SC,420280,Braco do Norte,1
SC,420290,Brusque,2
SC,420300,Cacador,2
SC,420320,Camboriu,1
SC,420350,Campo Ere,1
SC,420360,Campos Novos,1
SC,420380,Canoinhas,1
SC,420390,Capinzal,1
SC,420395,Capivari de Baixo,1
SC,420420,Chapeco,3
SC,420425,Cocal do Sul,1
SC,420430,Concordia,1
SC,420460,Criciuma,4
SC,420480,Curitibanos,1
SC,420500,Dionisio Cerqueira,1
SC,420540,Florianopolis,4
SC,420545,Forquilhinha,1
SC,420550,Fraiburgo,1
SC,420570,Garopaba,1
SC,420590,Gaspar,1
SC,420630,Guabiruba,1
SC,420670,Herval D'Oeste,1
SC,420690,Ibirama,1
SC,420700,Icara,1
SC,420730,Imbituba,1
SC,420750,Indaial,1
SC,420770,Ipumirim,1
SC,420810,Itaiopolis,1
SC,420820,Itajai,3
SC,420830,Itapema,1
SC,420890,Jaragua Do Sul,3
SC,420900,Joacaba,1
SC,420910,Joinville,4
SC,420930,Lages,3
SC,420940,Laguna,1
SC,420960,Lauro Muller,1
SC,421010,Mafra,1
SC,421050,Maravilha,1
SC,421100,Mondai,1
SC,421110,Monte Castelo,1
SC,421120,Morro Da Fumaca,1
SC,421130,Navegantes,1
SC,421170,Orleans,1
SC,421180,Ouro,1
SC,421190,Palhoca,3
SC,421210,Palmitos,1
SC,421220,Papanduva,1
SC,421280,Balneario Picarras,1
SC,421320,Pomerode,1
SC,421360,Porto Uniao,1
SC,421420,Quilombo,1
SC,421480,Rio Do Sul,1
SC,421500,Rio Negrinho,1
SC,421550,Santa Cecilia,1
SC,421570,Santo Amaro Da Imperatriz,1
SC,421580,São Bento Do Sul,1
SC,421600,São Carlos,1
SC,421620,São Francisco Do Sul,1
SC,421650,São Joaquim,1
SC,421660,São José,3
SC,421690,São Lourenco Do Oeste,1
SC,421720,São Miguel Do Oeste,1
SC,421750,Seara,1
SC,421760,Sideropolis,1
SC,421770,Sombrio,1
SC,421820,Timbo,1
SC,421830,Tres Barras,1
SC,421870,Tubarao,2
SC,421900,Urussanga,1
SC,421930,Videira,1
SC,421950,Xanxere,1
SC,421970,Xaxim,1
SE,280020,Aquidaba,1
SE,280030,Aracaju,6
SE,280060,Barra dos Coqueiros,1
SE,280067,Boquim,1
SE,280100,Campo do Brito,1
SE,280120,Caninde de São Francisco,1
SE,280130,Capela,1
SE,280140,Carira,1
SE,280160,Cedro de São João,1
SE,280170,Cristinapolis,1
SE,280210,Estancia,1
SE,280290,Itabaiana,2
SE,280300,Itabaianinha,1
SE,280320,Itaporanga D'Ajuda,1
SE,280340,Japoata,1
SE,280350,Lagarto,2
SE,280360,Laranjeiras,1
SE,280400,Maruim,1
SE,280440,Neopolis,1
SE,280450,Nossa Senhora Da Gloria,1
SE,280460,Nossa Senhora Das Dores,1
SE,280480,Nossa Senhora Do Socorro,4
SE,280490,Pacatuba,1
SE,280550,Poco Verde,1
SE,280560,Porto da Folha,1
SE,280570,Propria,1
SE,280580,Riachao Do Dantas,1
SE,280620,Salgado,1
SE,280670,São Cristovao,2
SE,280680,São Domingos,1
SE,280710,Simao Dias,1
SE,280740,Tobias Barreto,1
SE,280760,Umbauba,1
SP,350010,Adamantina,1
SP,350050,Aguas de Lindoia,1
SP,350070,Agudos,1
SP,350160,Americana,2
SP,350170,Americo Brasiliense,1
SP,350190,Amparo,2
SP,350210,Andradina,2
SP,350220,Angatuba,1
SP,350250,Aparecida,1
SP,350270,Apiai,1
SP,350280,Aracatuba,3
SP,350290,Aracoiaba da Serra,1
SP,350320,Araraquara,2
SP,350330,Araras,2
SP,350380,Artur Nogueira,1
SP,350400,Assis,2
SP,350410,Atibaia,1
SP,350450,Avare,1
SP,350530,Barra Bonita,1
SP,350550,Barretos,1
SP,350570,Barueri,3
SP,350580,Bastos,1
SP,350590,Batatais,1
SP,350600,Bauru,3
SP,350610,Bebedouro,2
SP,350635,Bertioga,1
SP,350700,Boituva,2
SP,350740,Borborema,1
SP,350750,Botucatu,3
SP,350760,Braganca Paulista,1
SP,350780,Brodowski,1
SP,350800,Buri,1
SP,350810,Buritama,1
SP,350850,Cacapava,2
SP,350860,Cachoeira Paulista,1
SP,350880,Cafelandia,1
SP,350900,Caieiras,1
SP,350925,Cajati,1
SP,350950,Campinas,13
SP,350960,Campo Limpo Paulista,1
SP,350970,Campos do Jordao,1
SP,351000,Candido Mota,1
SP,351020,Capao Bonito,1
SP,351030,Capela do Alto,1
SP,351040,Capivari,2
SP,351050,Caraguatatuba,2
SP,351060,Carapicuiba,3
SP,351080,Casa Branca,2
SP,351110,Catanduva,2
SP,351150,Cerquilho,1
SP,351160,Cesário Lange,1
SP,351220,Conchal,1
SP,351240,Cordeiropolis,1
SP,351280,Cosmopolis,2
SP,351300,Cotia,3
SP,351340,Cruzeiro,1
SP,351350,Cubatão,2
SP,351360,Cunha,1
SP,351380,Diadema,5
SP,351410,Dois Corregos,1
SP,351440,Dracena,1
SP,351450,Duartina,1
SP,351500,Embu Das Artes,2
SP,351510,Embu-Guacu,1
SP,351518,Espirito Santo Do Pinhal,2
SP,351550,Fernandopolis,2
SP,351570,Ferraz De Vasconcelos,1
SP,351620,Franca,2
SP,351630,Francisco Morato,3
SP,351640,Franco Da Rocha,1
SP,351670,Garca,2
SP,351740,Guaira,1
SP,351750,Guapiacu,1
SP,351770,Guara,1
SP,351830,Guararema,1
SP,351840,Guaratingueta,2
SP,351850,Guarei,1
SP,351870,Guaruja,4
SP,351880,Guarulhos,6
SP,351907,Hortolandia,3
SP,351960,Ibitinga,1
SP,351970,Ibiuna,1
SP,352000,Igaraçu do Tietê,1
SP,352010,Igarapava,1
SP,352030,Iguape,1
SP,352040,Ilhabela,1
SP,352044,Ilha Solteira,1
SP,352050,Indaiatuba,3
SP,352100,Ipero,1
SP,352180,Itaí,1
SP,352210,Itanhaem,3
SP,352220,Itapecerica Da Serra,1
SP,352230,Itapetininga,3
SP,352240,Itapeva,1
SP,352250,Itapevi,1
SP,352260,Itapira,2
SP,352270,Itapolis,1
SP,352320,Itarare,1
SP,352340,Itatiba,2
SP,352390,Itu,2
SP,352400,Itupeva,1
SP,352410,Ituverava,1
SP,352430,Jaboticabal,1
SP,352440,Jacarei,3
SP,352470,Jaguariuna,1
SP,352480,Jales,1
SP,352500,Jandira,1
SP,352530,Jau,1
SP,352590,Jundiaí,4
SP,352600,Junqueiropolis,1
SP,352620,Juquitiba,1
SP,352640,Laranjal Paulista,1
SP,352670,Leme,2
SP,352690,Limeira,3
SP,352710,Lins,3
SP,352720,Lorena,1
SP,352730,Louveira,1
SP,352740,Lucelia,1
SP,352800,Macatuba,1
SP,352840,Mairinque,1
SP,352850,Mairipora,1
SP,352880,Maracai,1
SP,352900,Marilia,3
SP,352920,Martinopolis,2
SP,352930,Matão,2
SP,352940,Maua,3
SP,352990,Miracatu,1
SP,353020,Mirante do Paranapanema,1
SP,353030,Mirassol,1
SP,353050,Mococa,3
SP,353060,Mogi Das Cruzes,1
SP,353070,Mogi Guacu,2
SP,353080,Moji Mirim,2
SP,353130,Monte Alto,1
SP,353180,Monte Mor,1
SP,353190,Morro Agudo,1
SP,353300,Nova Granada ,1
SP,353350,Novo Horizonte,1
SP,353420,Orindiuva,1
SP,353430,Orlandia,1
SP,353440,Osasco,3
SP,353470,Ourinhos,2
SP,353490,Pacaembu,1
SP,353550,Paraguacu Paulista,1
SP,353650,Paulinia,2
SP,353670,Pederneiras,1
SP,353710,Pedreira,1
SP,353730,Penapolis,2
SP,353760,Peruibe,1
SP,353780,Piedade,1
SP,353790,Pilar do Sul,1
SP,353800,Pindamonhangaba,1
SP,353870,Piracicaba,2
SP,353880,Piraju,1
SP,353920,Pirapozinho,1
SP,353930,Pirassununga,3
SP,353950,Pitangueiras,1
SP,354000,Pompeia,1
SP,354060,Porto Feliz,1
SP,354070,Porto Ferreira,1
SP,354075,Potim,1
SP,354100,Praia Grande,2
SP,354130,Presidente Epitácio,1
SP,354140,Presidente Prudente,4
SP,354150,Presidente Venceslau,1
SP,354160,Promissão,1
SP,354170,Quata,1
SP,354220,Rancharia,2
SP,354240,Rejente  Feijo,1
SP,354260,Registro,1
SP,354330,Ribeirao Pires,3
SP,354340,Ribeirao Preto,4
SP,354390,Rio Claro,3
SP,354400,Rio Das Pedras,1
SP,354410,Rio Grande Da Serra,1
SP,354520,Salto,2
SP,354530,Salto De Pirapora,1
SP,354580,Santa Barbara D'Oeste,1
SP,354640,Santa Cruz Do Rio Pardo,1
SP,354660,Santa Fe Do Sul,1
SP,354670,Santa Gertrudes,1
SP,354730,Santana De Parnaiba,3
SP,354750,Santa Rita Do Passa Quatro,1
SP,354780,Santo Andre,5
SP,354800,Santo Antonio De Posse,1
SP,354850,Santos,6
SP,354870,São Bernando do Campo ,9
SP,354880,São Caetano Do Sul,2
SP,354890,São Carlos,2
SP,354910,São João Da Boa Vista,3
SP,354970,São José Do Rio Pardo,1
SP,354980,São José Do Rio Preto,7
SP,354990,São José Dos Campos,4
SP,355020,São Miguel Arcanjo,1
SP,355030,São Paulo,79
SP,355040,São Pedro,1
SP,355060,São Roque,1
SP,355070,São Sebastiao,1
SP,355100,São Vicente,5
SP,355160,Serra Negra,1
SP,355170,Sertaozinho,1
SP,355210,Socorro,1
SP,355220,Sorocaba,8
SP,355240,Sumare,1
SP,355250,Suzano,3
SP,355280,Taboão da Serra,3
SP,355360,Tapiratiba,1
SP,355370,Taquaritinga,2
SP,355390,Tarabaí,1
SP,355395,Taruma,1
SP,355400,Tatui,1
SP,355410,Taubate,3
SP,355450,Tiete,1
SP,355500,Tupa,1
SP,355540,Ubatuba,1
SP,355560,Uchoa,1
SP,355620,Valinhos,2
SP,355630,Valparaiso,1
SP,355640,Vargem Grande do Sul,1
SP,355645,Vargem Grande Paulista,1
SP,355650,Varzea Paulista,2
SP,355670,Vinhedo,1
SP,355700,Votorantim,3
SP,355710,Votuporanga,2
SP,421380,Praia Grande,1
TO,170210,Araguaina,2
TO,170220,Araguatins,1
TO,170255,Augustinopolis,1
TO,170380,Buriti do Tocantins,1
TO,170550,Colinas do Tocantins,2
TO,170700,Dianopolis,1
TO,170820,Formoso Do Araguaia,1
TO,170950,Gurupi,2
TO,171320,Miracema Do Tocantins,1
TO,171610,Paraiso Do Tocantins,1
TO,171665,Pequizeiro,1
TO,171820,Porto Nacional,1
TO,172080,Sitio Novo do Tocantins,1
TO,172090,Taguatinga,1
TO,172100,Palmas,2
TO,172120,Tocantinopolis,1
